留言,公司名稱1,標的號碼1,公司名稱2,標的號碼2,公司名稱3,標的號碼3,,
我就問一句 愛之味追高被套 你敢講給別人聽嘛?,愛之味,1217,,,,,,
營邦怎麼一臉要跳水了XD,營邦,3088,,,,,,
刀碩黑手會不會拉回平盤,,,,,,,,
我的持股看起來像今天跌了百點似的......,,,,,,,,
長榮 噴出,長榮,2603,,,,,,
主力出金金權值跟大哥 跑去玩別的 等題材,,,,,,,,
年初買材料，直接躺著數錢,材料,4763,,,,,,
早知道昨天大學換兩張材料就好惹 可惜,材料,4763,,,,,,
阿頂能不能頂起來QQ,,,,,,,,
遠百 就說吧 融資砍 就是投信外資收走 等等平盤,遠百,2903,,,,,,
姨丈發瘋了,威盛,2388,,,,,,
融資增加一堆，是出的掉嗎,,,,,,,,
拉尾盤嗎?,,,,,,,,
姨丈,威盛,2388,,,,,,
材料六個月從300到1089,材料,4763,,,,,,
廣達好廢,廣達,2382,,,,,,
威盛起笑,威盛,2388,,,,,,
賣方怎麼突然3、5千張,,,,,,,,
2344 說好的33呢,華邦電,2344,,,,,,
力特真的蠻哭的,力特,6706,,,,,,
好死魚,,,,,,,,
嘻嘻https://i.imgur.com/1jvCbNn.jpg,,,,,,,,
國泰隔日沖跟程式單賣散戶買,國泰金,2882,,,,,,
廣達紅潮來了 243.5!,廣達,2382,,,,,,
大聚陽噴一下,聚陽,1476,,,,,,
威盛仨小…,威盛,2388,,,,,,
每天都這種無量爛死魚盤,,,,,,,,
威盛沃草,威盛,2388,,,,,,
股市投資人真的過度自信,,,,,,,,
姨丈 好累 我休息一下,威盛,2388,,,,,,
黑手聽話乖乖拉尾盤收紅,,,,,,,,
科嶠還沒噴之前持有過沒耐心就出了QQ,科嶠,8069,,,,,,
台GG有夠慘,台積電,2330,,,,,,
https://i.imgur.com/0X92puf.jpg,,,,,,,,
姨丈是不是又有好消息? 發瘋==,威盛,2388,,,,,,
哇靠技嘉,技嘉,2376,,,,,,
萬七 瑞昱 帝王蟹,瑞昱,2379,,,,,,
小英今天這麼兇猛喔,英業達,2356,,,,,,
威盛瓦操,威盛,2388,,,,,,
https://i.imgur.com/mciCBwq.jpg,,,,,,,,
長榮這不就來了..嘻嘻,長榮,2603,,,,,,
材料真的兇,材料,4763,,,,,,
沒量可以殺國泰到46以下嗎 45以下更好,國泰金,2882,,,,,,
長榮在次挑戰今年高點big,長榮,2603,,,,,,
沒事買台積幹嘛笑死,台積電,2330,,,,,,
電鍋掘砂,,,,,,,,
威盛昨天吃了阿姨嗎,威盛,2388,,,,,,
阿姨開拉我不想努力了,宏達電,2498,,,,,,
IC噴好幾天了散戶才在討論,,,,,,,,
長榮再次挑戰今年高點 嘻嘻,長榮,2603,,,,,,
昨天國泰吊人線 該崩了吧,國泰金,2882,,,,,,
拉兇一點 明天直接跳空過線啊,,,,,,,,
我的美債正二 存到反一話,,,,,,,,
光學股噴出預備,,,,,,,,
緯創應該是收113.5,緯創,3231,,,,,,
材料昨天還洗到出汁,材料,4763,,,,,,
威盛應該都有內線，有幾個內資都提前拉,威盛,2388,,,,,,
漢平好嗨喔，去童鞋會看好像是有詐騙集團進攻XD,漢平,3224,,,,,,
高端有夠鬼,高端疫苗,6547,,,,,,
尾盤啦 大家今天都有賺到錢錢了嗎？ @v@b,,,,,,,,
3264終於洗完了？,欣銓,3264,,,,,,
GG九月不是有除息行情 怎麼,台積電,2330,,,,,,
https://i.imgur.com/UcW1V2C.jpg,,,,,,,,
螃蟹爬阿爬,瑞昱,2379,,,,,,
https://i.imgur.com/BDugdzy.jpg,,,,,,,,
再給我25分鐘 就要賺到便當錢了,,,,,,,,
控盤大師,,,,,,,,
力特玩啥XD甩人嗎,力特,6706,,,,,,
拉尾盤了,,,,,,,,
廣達來了 大紅潮!,廣達,2382,,,,,,
量縮成這樣,,,,,,,,
愛普笑死XD,愛普,6531,,,,,,
阿姨宇宙夢都沒有一個成形,宏達電,2498,,,,,,
愛普這黑K,愛普,6531,,,,,,
緯創死守112？,緯創,3231,,,,,,
2X穩穩抱不好嗎 靜靜的看大家搶股票,,,,,,,,
https://i.imgur.com/3S7Eg0z.jpg,,,,,,,,
姨丈 建達全達今天都猛猛的,威盛,2388,建達,6118,全達,8068,,
https://i.imgur.com/tM58e9B.jpg,,,,,,,,
齁 112出大量,,,,,,,,
緯創守幾天112了,緯創,3231,,,,,,
這兩天被進攻的量在月K上蠻漂亮的，就看這個月能收,,,,,,,,
國泰 GG這程式賣壓 沒買盤 應該拉不到哪去,國泰金,2882,,,,,,
GG這個量 超窒息,台積電,2330,,,,,,
fj想請問一下漢神是哪支,,,,,,,,
今天不一樣,,,,,,,,
多少了，還要除息,,,,,,,,
波若威笑死 拉到100可以回月線了,波若威,3163,,,,,,
華孚掰,華孚,6235,,,,,,
要噴惹啦,,,,,,,,
3715不翻黑是吧 來補一補,定穎,3715,,,,,,
緯穎拼股王,緯穎,6669,,,,,,
力特！又翻紅,力特,6706,,,,,,
GG只能等營收還他公道了,台積電,2330,,,,,,
光寶 量增 沒上MA5 是不是超爛XD?,光寶科,2301,,,,,,
力特今天甩尾嗎,力特,6706,,,,,,
台積電金融股，扛大盤跌幅。,台積電,2330,,,,,,
1439啊...轉投資漢神百貨 爸爸送女兒練功的公司,中和,1439,,,,,,
力特真的有夠哭,力特,6706,,,,,,
幸運小恩 https://i.imgur.com/xX0mAxM.jpg,,,,,,,,
拉高再殺,,,,,,,,
廣達今天到現在才2.2W張交易量 超慘...,廣達,2382,,,,,,
姨丈概念股 兩個紅燈 建達全達,威盛,2388,建達,6118,全達,8068,,
尾盤要拉出量了,,,,,,,,
我阿姨說她今天200張929幹進去了......,,,,,,,,
"死魚盤,股板還能有4500人",,,,,,,,
阿姨還缺白臉嗎,宏達電,2498,,,,,,
盜圖仔詐騙群組又來了喔?,,,,,,,,
墮牛寺！,,,,,,,,
GG沒動也好 中小該補漲的快漲一漲,台積電,2330,,,,,,
https://i.imgur.com/5Cv1ojJ.jpg,,,,,,,,
唉 認輸了 掛243.5賣 賠點手續費就好,,,,,,,,
一般人 看到這種量就沒興趣了吧...最近倒有人收籌碼,,,,,,,,
O大來買長榮或可成 價值投資很送分,長榮,2603,,,,,,
牛寺是仙人指路還是高十字星0？,,,,,,,,
今天持股超噴的啦 讚啦,,,,,,,,
牛寺可可?,,,,,,,,
你攻擊別人詐騙群是要幹嘛= =,,,,,,,,
碩天在拉什麼啊 誇張,碩天,3617,,,,,,
一來盤中又看到洽隆賺爛QQ,洽隆,2545,,,,,,
建達出奇蛋,建達,6118,,,,,,
世新最近在爛什麼的,世新,3665,,,,,,
YU還有護航粉 世界奇觀,,,,,,,,
星拳的上方到底哪來都這麼多賣單......,,,,,,,,
力牛寺 牛寺！ 好割,,,,,,,,
1439跟著FJ深敦好久最近終於往上,中和,1439,,,,,,
重量級老蘇,,,,,,,,
我又沒說誰 盜圖詐騙群組在FB LINE PTT很多啊,,,,,,,,
一天+17w 超開心啊 哈,,,,,,,,
爸爸若想把1439股權完全吃下 也是很容易的...,中和,1439,,,,,,
洽隆賺爛了,洽隆,2545,,,,,,
投資詐騙群組 要大家認賠出清？,,,,,,,,
"929不就那個誰在提的嗎,懂的就懂",,,,,,,,
1439師傅講很久 終於動了XD,中和,1439,,,,,,
878跟著ai死魚,,,,,,,,
高端突然起來了,高端疫苗,6547,,,,,,
我是說漢平,漢平,3224,,,,,,
信徒都賺錢了,,,,,,,,
愛普笑死,愛普,6531,,,,,,
高端會不會太狠,高端疫苗,6547,,,,,,
老蘇也太胖了吧= =,,,,,,,,
泰銘沒有超導體還是漲回去 猛,泰銘,3064,,,,,,
演夠了 開拉了吧,,,,,,,,
緯創一直賣就是下不去好猛,緯創,3231,,,,,,
老蘇這樣飛行皮衣還穿的下嗎,,,,,,,,
好像是，說是喊到目標價60跟80XD,,,,,,,,
愛普的主力一如既往的狠,愛普,6531,,,,,,
高端線性好屌,高端疫苗,6547,,,,,,
百葉窗永豐金丟完了沒啦,永豐金,2890,,,,,,
偉詮電蝦毀,偉詮電,2436,,,,,,
原本以為是除息前的自營大戶節稅對敲，結果自營沒動,,,,,,,,
高端快進場,高端疫苗,6547,,,,,,
偉詮電？起風了,偉詮電,2436,,,,,,
作XD,,,,,,,,
在什麼樣的尾盤裡，嘎呀嘎呀嘎～,,,,,,,,
終於快除息了，9/13等超久,,,,,,,,
偉詮幹大事,偉詮電,2436,,,,,,
大盤想紅?,,,,,,,,
偉詮電大戶，誰肥手指去按到？,偉詮電,2436,,,,,,
GG要拉回平盤了,台積電,2330,,,,,,
控盤大師調整指數中,,,,,,,,
緯穎拼股王,緯穎,6669,,,,,,
永崴一路向上，有點難追...,永崴,3528,,,,,,
二哥加油慢慢爬,,,,,,,,
GG大單  真有錢@@,台積電,2330,,,,,,
https://i.imgur.com/WZHrMoz.jpg,,,,,,,,
味全店回百元,味全,1201,,,,,,
老蘇的訊號來了,,,,,,,,
百葉窗就天天倒... 中部分點 也縮手了,,,,,,,,
台股真有錢，一直拉,,,,,,,,
大盤要翻紅了,,,,,,,,
GG在騙啦昨天演給你看了,台積電,2330,,,,,,
VVVVVVVVVVVVVVVVV,,,,,,,,
水龍頭凱北賣爽了沒啦,,,,,,,,
最近中小都賺翻 農經也填息了真棒,農經,4137,,,,,,
欸不是 二哥你怎麼偷跑R,,,,,,,,
真有人不知道會拉尾盤？,,,,,,,,
大盤要紅了？,,,,,,,,
感謝高端,高端疫苗,6547,,,,,,
黑手要與不要而已 gg還沒出力,台積電,2330,,,,,,
威盛好像營收非常好!,威盛,2388,,,,,,
拉g惹,,,,,,,,
才兩千一 丸子 最後逃命波,,,,,,,,
要翻紅了嗎?,,,,,,,,
智易152打王!,智易,3596,,,,,,
又開始拉台積電了XD,台積電,2330,,,,,,
億豐 能接嗎,億豐,5321,,,,,,
GG最後30秒拉尾盤也不奇怪,台積電,2330,,,,,,
拉g一時爽,台積電,2330,,,,,,
農經營收衝刺3億 馬上會超車南僑...XD,農經,4137,,,,,,
神教這都能翻紅,神教,3711,,,,,,
167都沒破 都控在黑手手中,,,,,,,,
出奇蛋 台燿 2個燈 舒服,建達,6118,台燿,6274,,,,
中租還會下去嗎 日友已經很慘惹,中租,5871,,,,,,
拉尾盤嗎,,,,,,,,
儘量拉^^反正隔天都會加倍倒^^,,,,,,,,
Q2便宜的庫存 開始貢獻了呢,,,,,,,,
我不相信華航只有這樣,華航,2610,,,,,,
威盛？,威盛,2388,,,,,,
收紅了吧,,,,,,,,
等9/13 +1 希望到時站穩40,,,,,,,,
929不給上了啦,,,,,,,,
這兩天佈局的 明天要收割了,,,,,,,,
GG在頂一下就紅了,台積電,2330,,,,,,
沒量方便上下其手,,,,,,,,
材料越不敢追 越噴0.0,材料,4743,,,,,,
沒有什麼詐騙群，只有貪嗔癡，別這麼貪就不是韭菜,,,,,,,,
要幹回平盤了 真猛,,,,,,,,
光寶科尾盤可以拉到五日線嗎！？,光寶科,2301,,,,,,
寶寶這個紅 在騙上車,,,,,,,,
技嘉要搶反彈嗎,技嘉,2376,,,,,,
沒量就是主力自己隨便畫線,,,,,,,,
929怎麼像老鼠會 廣告打的多嗎,,,,,,,,
國泰自營尾盤無情倒貨嗎,國泰,2882,,,,,,
糙 掛243.5 搞半天出不掉 認了掛243.0!,,,,,,,,
榮鋼偷拉哦,榮鋼,2027,,,,,,
99中磊 網通就他落後了QQ,中磊,5388,,,,,,
6411該獲利了結惹嗎 好幾根惹,6411,6411,,,,,,
新低量 新低價,,,,,,,,
乾 哭了 賣掉之後 有一張大紅單進來= =,,,,,,,,
謝謝金庸喊可成 準備翻倍,可成,2474,,,,,,
無量垃圾盤,,,,,,,,
拉尾失敗?,,,,,,,,
這幾天 尾盤 遠百 投信 都在吃貨 麥格理,遠百,2903,,,,,,
明天準備空萬海,萬海,2615,,,,,,
材料五百買 七百賣的我好想哭,材料,4743,,,,,,
牛寺 又上上下下惹喔==,,,,,,,,
量這麼少 大家都不玩了嗎QAQ,,,,,,,,
看來材料要拼燈了,材料,4743,,,,,,
今天老蘇又大賺特賺了！,,,,,,,,
緯創牆築這麼高想做什麼,緯創,3231,,,,,,
連a33喊盤次數也跟著量縮,,,,,,,,
6411去年基期這麼低... 股版好人點到的呢XD,6411,6411,,,,,,
力特追空的回補潮 幫QQ,力特,9951,,,,,,
不過我有留一張 漲多一點也是有幫助!,,,,,,,,
99百葉窗.......,,,,,,,,
你手上的Ai股，還沒做ESG的，股價還要要再下修,,,,,,,,
本來是默默撿6457 看到6411 眼睛都亮了,虹堡,6457,中美晶,6411,,,,
材料真的太狂了,材料,4743,,,,,,
說錯 是野村,,,,,,,,
垃圾台積又扛跌幅,台積電,2330,,,,,,
擎邦好玩,擎邦,6101,,,,,,
破船想搞事,,,,,,,,
翻紅惹,,,,,,,,
可成明天開始要搞事情的感覺,可成,2474,,,,,,
量縮成這樣根本浪費時間,,,,,,,,
偉詮電真會玩,偉詮電,3036,,,,,,
邰智源今天也厲害,,,,,,,,
力特今天主力沒啥在同學會喊話也4萬張,力特,9951,,,,,,
還有金融指壽險雙雷賣整天 明天給我往下跳,,,,,,,,
可成179-180換手準備再度噴出,可成,2474,,,,,,
鈺創衝衝衝…要加碼的好好把握！！,鈺創,5351,,,,,,
是一堆個股明天都想幹大事阿XD,,,,,,,,
盤控成這樣沒有要玩有比較好嗎 笑死,,,,,,,,
力特是神仙打架,力特,9951,,,,,,
沒有每天贏的 沒有那種大虧 小虧也可以接受,,,,,,,,
2哥還沒輸,,,,,,,,
台指拉到平盤了,,,,,,,,
尾盤偷噴 嘻嘻,,,,,,,,
大同舒服了 搶到反彈,大同,2371,,,,,,
螃蟹挑戰前高450 跟鬼一樣,瑞昱,2379,,,,,,
力特是全聯出貨吧?,力特,9951,,,,,,
大盤翻紅？,,,,,,,,
青鋼好妖,青鋼,2038,,,,,,
收盤價 又要創短線高點了嗎,,,,,,,,
https://i.imgur.com/WkN8z6k.jpg,,,,,,,,
材料該當股王了吧,材料,4763,,,,,,
明天異能更新＋台股睡醒數錢 舒服,,,,,,,,
但台積還是可憐，都沒有辦法連續硬兩天,台積電,2330,,,,,,
東洋還有戲嗎,東洋,4105,,,,,,
有人股票借貸還可以2%以下嗎？,,,,,,,,
翻紅辣,,,,,,,,
材料真的鬼 看好久都沒出手XD,材料,4763,,,,,,
最近流行軋尾盤!,,,,,,,,
材料KY太兇了啦,材料,4763,,,,,,
2885軟好幾天了 因為交投清淡嗎,元大金,2885,,,,,,
力特記得明天記得跑吧，今天應該是元大自救硬扛的,力特,9951,元大金,2885,,,,
8064沒人玩的突然爆大量突破均線糾結，感覺有戲,南電,8064,,,,,,
該做的是第二層思考... 東洋業績 未來有戲嗎?,東洋,4105,,,,,,
Ai股，一堆還沒做ESG的，產品出口歐盟後股價慘,,,,,,,,
誰能告訴我羚羊今天怎麼了==？,,,,,,,,
請益:AI股是台股毒瘤嗎,,,,,,,,
被騙了啊啊啊啊啊,,,,,,,,
今天可能漲元宇宙相關吧,,,,,,,,
愛普真會玩,愛普,6531,,,,,,
不過我是不相信力特會扛上32.5啦,力特,9951,,,,,,
2401? 盤完就噴阿 沒怎了,凌陽,2401,,,,,,
力牛寺 那不就得今天跑,力特,9951,,,,,,
笑死  硬拉紅,,,,,,,,
這波是漲去庫存電子 畢竟被軍工 重電 AI壓太久了,,,,,,,,
平盤是怎樣,,,,,,,,
黑手控盤,,,,,,,,
力特 拉超高給你跑 恭喜,力特,9951,,,,,,
真是羨慕買材料的,材料,4763,,,,,,
聯強好….無言 持股全紅就你下跌,聯強,2347,,,,,,
AI拉尾,,,,,,,,
精準控盤 笑死,,,,,,,,
別怕  今天不會再跌了,,,,,,,,
對折壓身家之前好久沒提了 凹回來開始大聲 笑死,,,,,,,,
+1.92 真的很會控,,,,,,,,
華孚是怎樣？,華孚,6235,,,,,,
硬尻回平盤 笑死,,,,,,,,
大盤硬是要漲ww,,,,,,,,
價漲量增明天噴出,,,,,,,,
漲一點QQ,,,,,,,,
慘了 被套牢112,,,,,,,,
廣達厲害了,廣達,2382,,,,,,
收紅欸～ +1.92....廢到笑,,,,,,,,
莫名其妙漲到變注意股...看營收也沒賺很多啊,,,,,,,,
垃圾台積天天殺尾,台積電,2330,,,,,,
青鋼這隻股票是怎麼回事…拉好多喔,青鋼,2038,,,,,,
演一整天,,,,,,,,
大盤大漲1點 多蛙的勝利,,,,,,,,
電鍋硬拉上來耶,,,,,,,,
控成這種死魚盤沒人要玩有比較好膩,,,,,,,,
拜託對折別再吹了 恥骨被你吹死都不動,,,,,,,,
廣達尻回去,廣達,2382,,,,,,
力特那個就單一大戶瞬殺，反正原本交易量就不多，幾,,,,,,,,
謝謝護盤國家隊哈哈 每天都在拉尾盤,,,,,,,,
材料太神了,材料,4763,,,,,,
明天過季線有望 靠大型股動起來,,,,,,,,
長榮拉尾盤..嘻嘻 越喊越噴呢,長榮,2603,,,,,,
一天嘎一點 溫水煮空蛙,,,,,,,,
台積電殺尾，不見得收紅,台積電,2330,,,,,,
還有空蛙嗎？A兩聲來聽聽？！嘻嘻,,,,,,,,
乎都是主力自己洗量而已，所以要扛回去難度也不高。,,,,,,,,
力牛寺！元大鹿港買上去了!?,,,,,,,,
我心態沒了 昨天停損大同 結果今天漲,大同,2371,,,,,,
+1.92,,,,,,,,
準備突破https://i.imgur.com/SzR2iYz.jpg,,,,,,,,
成交量才2299億，能在這個位置撐多久？,,,,,,,,
昨天留的精英 結果跌,精英,2331,,,,,,
東洋已經被取捨了嗎,東洋,4105,,,,,,
長榮突然大單敲進?,長榮,2603,,,,,,
世新真的有夠爛 居然還殺尾盤,世新,3665,,,,,,
不過其實32已經碰到之前大量區，很多散戶套牢的攤平,,,,,,,,
力特被某群人士染上，完全不想玩,,,,,,,,
乾 所以大同昨天到底怎麼跌停XD 真的是不起訴的關係,大同,2371,,,,,,
力特 笑死 有夠惡劣,,,,,,,,
廣達撮完245 好誇張喔,廣達,2382,,,,,,
看看2401盤沒多久就噴出 長榮這種盤久的..未來噴出,凌陽,2401,長榮,2603,,,,
區間了，再拉上去就是上次那群跌停沒走的開始要跑了,,,,,,,,
長榮好猛 大漲1塊,長榮,2603,,,,,,
會更兇,,,,,,,,
大盤演了一整天 太狠了,,,,,,,,
掛賣的力特尾盤竟然成交惹,,,,,,,,
恭喜航運大噴,,,,,,,,
準備向下突破,,,,,,,,
台股收紅！太猛啦！沒量蛙還好嗎？A33萬八好爽,,,,,,,,
內褲線 就是最近黑手都會拉尾嘎空軍,,,,,,,,
yu好了啦 華航雞排你要欠多久 不然就右轉出去啦乾,華航,2610,,,,,,
狂賀加權指數收盤價再創新高,,,,,,,,
哇大盤還是紅的，中小爽死,,,,,,,,
先掛好盤後買5258，等三大法人期貨多空了,虹堡,5258,,,,,,
電鍋偷拉,,,,,,,,
大漲1.92點~,,,,,,,,
等待長榮九月營收月增 a33來買長榮,長榮,2603,,,,,,
冠德子公司 根基突破盤整 漲一根,冠德,2520,,,,,,
垃圾g,,,,,,,,
只剩下+~老輸死守AI,,,,,,,,
台積被吹死,台積電,2330,,,,,,
力特玩一玩就好，別說你在投資,力特,3484,,,,,,
我看應該笑罵由人了啦,,,,,,,,
英業達真AI,英業達,2356,,,,,,
誇張啥 我還嫌廣達下不來,廣達,2382,,,,,,
黑手屌拉 好屌,,,,,,,,
每天罵垃圾G還是沒用,,,,,,,,
OTC右肩預備！,,,,,,,,
人妻我娶就是舒服,,,,,,,,
秀股息領多少吧 雞排請不出來 嘻嘻,,,,,,,,
尾盤是MACD調漲嗎？,,,,,,,,
營建股因為四十年房貸 都有人貸款增量了,,,,,,,,
那個gg我已經完全不想理他了,台積電,2330,,,,,,
跪求版主新增祭品文條款,,,,,,,,
今天真會玩XDD,,,,,,,,
gg怎麼硬一天又軟了,台積電,2330,,,,,,
就補量呀，你把昨天今天的量加一加，就差不多夠了,,,,,,,,
GG除息前一天會漲回來,台積電,2330,,,,,,
英業達是8月營收很好嗎 怎麼這幾天一直收紅,英業達,2356,,,,,,
99廣運,廣運,6125,,,,,,
股版可以讓你這樣隨便騙的嗎 yu雞排請一請啦,,,,,,,,
老蘇好神 58買英業達 今天55也推薦英業達XD,英業達,2356,,,,,,
漲1元意思意思,,,,,,,,
持股靠西瓜鋼衝收益 扛2488 Go,力特,3484,,,,,,
台灣的NVDA,,,,,,,,
我廣達如果盤後賣成功 今天還小紅欸 真不錯,廣達,2382,,,,,,
今天操盤手要獎勵他一支雞腿，控的精準,,,,,,,,
百貨我覺得很穩啊，蹲著看戲就好,,,,,,,,
有人整天吹長榮 雞排都請不起,長榮,2603,,,,,,
黑手硬要拉紅 明天殺到散戶哭出來,,,,,,,,
力特真的很有趣,力特,3484,,,,,,
整天喊股利。 雞排絕口不提 嘻嘻,,,,,,,,
今天扣台積還漲40幾點 不良品,台積電,2330,,,,,,
99京元電,京元電,2449,,,,,,
英業達轉買別檔 早就賺翻了,英業達,2356,,,,,,
控的這麼準 你各位還敢玩哦,,,,,,,,
台灣黑手真的很猛精準控盤,,,,,,,,
力特倒多一點啊 怎不倒啦？不是貨很多很屌？,力特,3484,,,,,,
有人看到長榮收最高 氣到不行 嘻嘻,長榮,2603,,,,,,
黑手要做到萬七還有人敢有意見嗎,,,,,,,,
力特鄉民是很多人看跟着喊而已啦，这种股别玩比较好,力特,3481,,,,,,
哈~~緯創112真的是鋼底，還多給0.5,緯創,3231,,,,,,
真 gg gg,台積電,2330,,,,,,
大同真的搞死,大同,2371,,,,,,
區間越來越小的垃圾盤，也快出方向了,,,,,,,,
長榮年底填息 有人會氣炸囉！,長榮,2603,,,,,,
整天在吹長榮 有事嗎？,長榮,2603,,,,,,
往上,,,,,,,,
早晚下殺取量 AAAAAA 太好了,,,,,,,,
毫無利空能直接鎖四天跌停，沒利多也是能連漲五天的,,,,,,,,
乾 力特這是什麼玩法…好難駕馭的一隻股,力特,3481,,,,,,
6411空軍很猛,晶焱,6411,,,,,,
可能有人開營收了 期貨有多單一直尻,,,,,,,,
股本小又沒有什麼真實交易量，幾乎都大戶在沖量的股,,,,,,,,
沒吃到華航雞排，氣炸囉,華航,2610,,,,,,
材料上看3000,材料,4763,,,,,,
https://i.imgur.com/ze3UWCX.jpg,,,,,,,,
別沒吃到雞排氣炸好不好..嘻嘻,,,,,,,,
欸不是你們怎麼不用黑名單,,,,,,,,
還有人抱長榮？買材料不香嗎,長榮,2603,,,,,,
空在地板的空蛙，幫哭哭,,,,,,,,
我黑一黑都沒這些事,,,,,,,,
航空準備起飛的，華航23上千張大單在守欸,華航,2610,,,,,,
這盤你不買 難道要等GG帶大盤噴出再買?,台積電,2330,,,,,,
材料你如果在這邊喊一個月我會信 但噴到天才在喊,材料,4763,,,,,,
漲沒1%叫突破,,,,,,,,
黑手你可以再黑一點,,,,,,,,
穩了穩了~~明天SC16850穩收租的啦 XDDD,,,,,,,,
抽籤前700多買一張，現在賺20幾萬了,,,,,,,,
偉詮電尾盤拉到79又殺下來是三小？？？？？,偉詮電,2436,,,,,,
你爬文看看我喊多久了 笑死,,,,,,,,
笑死 還在吵啊 大家一起當乖寶寶 不要起爭議好嗎,,,,,,,,
誰在惡意做多,,,,,,,,
來閒聊區逛一下發現真的一堆可悲仔 笑死我,,,,,,,,
材料多的是抱不住的人 我就是其中一個 QQ,材料,4763,,,,,,
要賺錢建議收盤再來啦 這邊只會亂喊而已,,,,,,,,
大聲點聽不見 這裡有人喊材料喊一個月的嗎？,材料,4763,,,,,,
9W2來搞 SC16950~17000 政府做莊,,,,,,,,
G粉崩潰了......,台積電,2330,,,,,,
這裡只看到長榮喊一個月的YU,長榮,2603,,,,,,
每次看到穩就知道 穩係欸,,,,,,,,
要多喊喔 不然大家聽不見..嘻嘻,,,,,,,,
還有雞排 裝死仔,,,,,,,,
我的暑假又還沒過完 瞧瞧你想吃雞排的嘴臉..嘻嘻,,,,,,,,
是不是想吃免費雞排啊…一塊90$買不起喔,,,,,,,,
說話不算話。笑死人 嘻嘻,,,,,,,,
下大雨了，掃颱風尾-媽吖,,,,,,,,
嘻嘻https://i.imgur.com/NjYIUnn.jpg,,,,,,,,
來去睡午覺了…,,,,,,,,
112會被套牢幾年,,,,,,,,
力特 真會玩,力特,3481,,,,,,
請問今天美股有開嘛,,,,,,,,
有,,,,,,,,
長榮買幾張貼出來阿 嘴砲空氣單整體瞎喊,長榮,2603,,,,,,
GG除息前一兩天會還他公道,台積電,2330,,,,,,
原來暑假是自行定義歐？,,,,,,,,
臉皮那麼厚還敢亂喊盤 滾,,,,,,,,
可悲盜圖仔 意外嗎,,,,,,,,
金像電…….在幹嘛,金像電,2368,,,,,,
看不懂金像電在漲什麼,金像電,2368,,,,,,
金像電沒道理漲啊,金像電,2368,,,,,,
金項鍊下來,金像電,2368,,,,,,
金像電下山,金像電,2368,,,,,,
一鍵停損不凹單,,,,,,,,
吃包子噎到,,,,,,,,
aabbcc 這是你嗎？,,,,,,,,
面板只適合一兩天的搶反彈 長期持有虧成狗,,,,,,,,
還行啦,,,,,,,,
捏10年就回本啦XD,,,,,,,,
笑死,,,,,,,,
https://i.imgur.com/PpcvkTP.jpg,,,,,,,,
5元 我幫買,,,,,,,,
https://i.imgur.com/sAXF4uy.jpg,,,,,,,,
白癡有 那麼多錢放著領5%也行 結果加一加好像賠上E,,,,,,,,
成五爸是你嗎☺☺☺,,,,,,,,
為什麼他抱不住,,,,,,,,
他是買還賣，偶看不懂，樓下教教我,,,,,,,,
賠錢QwQ,,,,,,,,
逃頂啊,,,,,,,,
這包子 不要了,,,,,,,,
低割離席,,,,,,,,
https://i.imgur.com/tIfmMkE.gif,,,,,,,,
買包子可以虧到兩千七百萬,,,,,,,,
這家公司到底在幹嘛啊 買啥賠啥,,,,,,,,
一鍵停損,,,,,,,,
爛公司 房子賺的錢都輸在股市,,,,,,,,
這包有毒,,,,,,,,
賣的價位不錯XD,,,,,,,,
還是專心蓋房子吧,,,,,,,,
爽啦,,,,,,,,
嘻嘻,,,,,,,,
XD,,,,,,,,
重點是潤泰全淨值吧 股本小 南山認列損 淨值可能剩,潤泰全,2915,,,,,,
五元以下耶,,,,,,,,
會計不能改的話 那IFRS17是在吵什麼,,,,,,,,
南山本身沒什麼問題，是母企業太小才造成這問題,,,,,,,,
沒看今天壽星開盤殺尾盤都回來,,,,,,,,
壽險,,,,,,,,
現在呢在恐慌的潤泰是會下市，不是南山人壽太爛,潤泰全,2915,,,,,,
講一件好笑的是，外資還在買，存股族自己弄到跌停,,,,,,,,
講個笑話 雙潤存股,,,,,,,,
忘記哪裡看到的整理 南山是這波淨值掉最多的壽險,,,,,,,,
敦泰老闆永遠這麼誠實,敦泰,3545,,,,,,
今日又舉辦法會了嗎,,,,,,,,
宏基記得要加碼,宏碁,2353,,,,,,
電子股要靠敦泰,敦泰,3545,,,,,,
蹲泰,敦泰,3545,,,,,,
驅動貓貓,,,,,,,,
庫存水位超高 有夠誇張,,,,,,,,
Q3庫存還會比Q2高 嚇死人,,,,,,,,
去看資產負債表 現金水位降低 庫存拉高,,,,,,,,
丸子,,,,,,,,
有人知道驅動IC會不會有報廢的問題嗎,,,,,,,,
蹲太久 腳會麻,,,,,,,,
好誠實,,,,,,,,
有買的應該已經不是會員了,,,,,,,,
水很深,,,,,,,,
https://i.imgur.com/C8LM1Jq.jpg,,,,,,,,
…..郭秦你….,敦泰,3545,,,,,,
https://i.imgur.com/6fXTqWl.jpg,,,,,,,,
投資長愛股,,,,,,,,
想想你們要什麼樣的分析師,,,,,,,,
對折又一力作 繼國巨之後,國巨,2327,,,,,,
敦泰套子龍,敦泰,3545,,,,,,
https://i.imgur.com/GJbZNGR.jpg,,,,,,,,
透支長成名作之一,,,,,,,,
真懷念以前20塊買進的時候,,,,,,,,
跌2塊而已 不要再黑投資長惹,,,,,,,,
原來剩74 真不敢想像有一群人買280沒停損,,,,,,,,
空死ㄊ,,,,,,,,
看國巨高點下來會員死透 現在還不是在作威作福,國巨,2327,,,,,,
投顧真的台股奇觀,,,,,,,,
太誠實,,,,,,,,
果然是報價漲太多導致突然很會賺,,,,,,,,
因為每家驅動ic廠手上庫存wafer一堆，不趁現在ic價,,,,,,,,
格還算高，先砍價先清庫存再說，如果終端去化太慢,,,,,,,,
，明年ic價格繼續跌都有可能,,,,,,,,
越跌越噴,,,,,,,,
完全沒有提到Q3預估? 看來Q3芭比Q了,,,,,,,,
先蹲 後躺,,,,,,,,
財富對折從2018年國巨到2022年敦泰，真的是名不虛傳,國巨,2327,敦泰,3545,,,,
來 大家說電子股要靠什麼,,,,,,,,
如果是Q3，我有看到某家大尺吋驅動ic forecast，訂,,,,,,,,
單直接砍7成以上,,,,,,,,
宏碁持有的敦泰套在高點QQ,宏碁,2353,敦泰,3545,,,,
稱了一年 還沒殺回疫情前的價格 一堆緩跌股套了不,,,,,,,,
知多少抄底的人,,,,,,,,
滑起來 通通給我滑起來,,,,,,,,
對折再對折,,,,,,,,
拆安基金0050如果4000萬賺500萬能不能99郭秦QQ,元大台灣50,0050,敦泰,3545,,,,
2018被套元件 一戰成名,,,,,,,,
透支長說過電子股要靠敦泰，真的對折了,敦泰,3545,,,,,,
郭秦：,,,,,,,,
下半年要虧損了,,,,,,,,
270以下的敦泰，是上天給的xx！,敦泰,3545,,,,,,
會員買高檔敦泰，投顧買低檔0050,敦泰,3545,元大台灣50,0050,,,,
老闆太誠實了 下禮拜又要下去了,,,,,,,,
好爽,,,,,,,,
這邊完全不避擔心,,,,,,,,
對折代表作之一,,,,,,,,
胡當過GG技術長 算滿誠實的人,台積電,2330,,,,,,
庫存一定更高啊代工廠又沒下修財測,,,,,,,,
反正都去年的訂單年底前消化不完,,,,,,,,
明年有好戲看了,,,,,,,,
產能吃太多拉肚子了,,,,,,,,
在敦泰賠了不少 但老闆真的很誠實......,敦泰,3545,,,,,,
敦泰高點298，現在不止對折，剩兩折！,敦泰,3545,,,,,,
敦都說實情了，那些還在喊聯詠天鈺不一樣的人，什,聯詠,3034,天鈺,4961,,,,
麼時候才會認清事實，面板市況已經比2019更慘，自,,,,,,,,
己小心，相關上下游公司也可能受影響,,,,,,,,
不用在想會不會噴到100以上了會跌到起漲點,,,,,,,,
還剛好35.1元..,,,,,,,,
台積512?,台積電,2330,,,,,,
黃董～～～,,,,,,,,
512還好啦，之前有買721的,,,,,,,,
相信黃董,,,,,,,,
什麼時候鉅額交易變新聞了,,,,,,,,
台積電天天都在鉅額交易名單好長時間了,台積電,2330,,,,,,
https://i.imgur.com/wk6lXxJ.jpg,,,,,,,,
只是新警察想用諧音酸蝗蟲吧,,,,,,,,
圖補上,,,,,,,,
力成？,力成,6239,,,,,,
黃董99我,,,,,,,,
電電吃三碗公,,,,,,,,
721左手換右手有差嗎 反正都是自己的錢 手續費小cas,,,,,,,,
e,,,,,,,,
糕點訊號,,,,,,,,
布丁大獲全勝....,,,,,,,,
代表幾乎都是假存股族，真價差族？,,,,,,,,
南山一直都是高風險在操作，印象中前兩年賺得跟富,,,,,,,,
邦差不多，但總資產差不少，當然遇到熊市就會比別人,,,,,,,,
慘,,,,,,,,
縮水最多 哪裡穩,,,,,,,,
以體質來說南山是沒問題,,,,,,,,
不是不能改 是不能隨意改 不能說今天市況好 我用A,,,,,,,,
評價法 市況不好趕快換B評價法 那財報那有公信力可,,,,,,,,
言,,,,,,,,
潤泰股價不用救 跌停多幾次 股價便宜自然有人買，,潤泰新,2915,,,,,,
差的股票有好價格都有人會進場,,,,,,,,
三個字，光頭王,潤泰新,2915,,,,,,
跌深就是最大的利多 再來兩根我考慮進場 雖然我覺,,,,,,,,
得等不到,,,,,,,,
問一下 潤泰 FU糗在哪???,潤泰新,9945,,,,,,
所以這些功課你都要人免費告訴你,,,,,,,,
存股族出場很合理吧 避開不確定的風險,,,,,,,,
潤泰最大的fu糗是南山上市 但是總裁都說要再2年了,潤泰新,9945,,,,,,
空手鍵盤 一律喊到下市，但可能跌深就會偷撿了 一樣,,,,,,,,
想撿便宜而已,,,,,,,,
自己查,,,,,,,,
以現在可能得知的淨值或獲利，大家認為幾塊叫便宜,,,,,,,,
10再說,,,,,,,,
好兇 原po 功課做夠多了吧 討論也不行 不過我不知,,,,,,,,
道原po 還要問什么 你自己都把答案差不多講完了,,,,,,,,
傳聞投資部門的流動率嘖嘖,,,,,,,,
潤泰才是主角阿 母小子大 所以淨值變成負的,潤泰新,9945,,,,,,
南山和其他壽險業都差不多 有差的是爸爸而已,,,,,,,,
我看sw 大幾個月前怒罵 說升息壽險會不好的人是不,,,,,,,,
懂 現在還是一樣的看法嗎,,,,,,,,
誰叫你要小廟放大佛然後灌獲利,,,,,,,,
原本新光RBC比南山還低 沒被嘴就是因為爸爸增資,新光金,2888,,,,,,
現在壽險不是問題 未來才是 就看美國要升息幾次,,,,,,,,
下市在重整在上線就好了,,,,,,,,
長榮陽明也是空手鍵盤喊到像要回20元或下市 結果也,長榮,2603,陽明,2609,,,,
是空手仔喊下市要撿便宜啊 問幾塊叫便宜 干空手仔什,,,,,,,,
麼事 自己覺得便宜就會上車啊,,,,,,,,
南山上半年賺的是什麼？淨值減損的原因是什麼 可以,,,,,,,,
想想,,,,,,,,
這一篇的問題問的都很到位,,,,,,,,
會買的就會自己衡量了啦,,,,,,,,
這些問題一堆銀行內控更嚴重,,,,,,,,
一堆雜魚在這亂寫亂回很好笑,,,,,,,,
超級韭，要剔除的話也要賣得掉,,,,,,,,
離發行價越來越遠,,,,,,,,
30檔換27檔 看一次笑一次XD,,,,,,,,
不愧是靈靈韮靈靈,富邦特選高股息30,00900,,,,,,
笑死,,,,,,,,
幾根跌停才能把貨出光? 幫TT,,,,,,,,
整天做一些很韭的操作 笑死,,,,,,,,
00900經理人怎樣說不重要 就是韭啦,富邦特選高股息30,00900,,,,,,
綠燈不打開 誰都跑不掉!!,,,,,,,,
韭翻了,,,,,,,,
笑死 哈哈,,,,,,,,
這經理人 要不要開除阿,,,,,,,,
天靈靈 韭靈靈 通通都顯靈,富邦特選高股息30,00900,,,,,,
看這規模多大幫公司賺多少，不嘉獎還要開除是在想啥,,,,,,,,
富邦經理費爽爽賺,富邦金,2881,,,,,,
你你韭你你,,,,,,,,
換27!?,,,,,,,,
韭玲玲,富邦特選高股息30,00900,,,,,,
是想幫誰解套嗎?,,,,,,,,
根本...雷，不忍於視,,,,,,,,
00韭00,富邦特選高股息30,00900,,,,,,
00900能撐多久？我猜兩年內清算,富邦特選高股息30,00900,,,,,,
明天00韭00還會開人道走廊，要跑要快,富邦特選高股息30,00900,,,,,,
韭菜ETF,富邦特選高股息30,00900,,,,,,
買了又賣 淨值洗光光,,,,,,,,
基金常常當盤子 難怪很多股票都故意炒高再倒給基金,,,,,,,,
笑死,,,,,,,,
爛死了,,,,,,,,
搞笑etf,,,,,,,,
先賣再買才會被當禿鷹吧，00900這樣比較像散財童子,富邦特選高股息30,00900,,,,,,
笑噴,,,,,,,,
這隻真的超爛,,,,,,,,
韭零零要來補刀嗎,富邦特選高股息30,00900,,,,,,
富邦這個etf有夠逗的XD,富邦特選高股息30,00900,,,,,,
笑死,,,,,,,,
ETF本來就是讓人割的韭菜 機械化的操作強制執行,,,,,,,,
笑死,,,,,,,,
台股神全 潤泰全,潤泰全,2915,,,,,,
美股玩到爛的高股息手法 台灣韭菜卻當成寶,,,,,,,,
韭菜ETF,富邦特選高股息30,00900,,,,,,
零零韭零零,富邦特選高股息30,00900,,,,,,
哈哈哈哈,,,,,,,,
這隻的邏輯是除權前買入，除權後賣出，那不就穩賠,,,,,,,,
錢，拿了股息賠了股價，沒填息不就沒賺嗎？這樣除,,,,,,,,
完息後賣去找還沒除息的，幫大戶省稅啊，除息前接,,,,,,,,
大戶貨除息後賣給大戶低接,,,,,,,,
他的選股邏輯跟時間到底是什麼,,,,,,,,
零零韭玲玲,富邦特選高股息30,00900,,,,,,
空爆 穩,,,,,,,,
可憐直接接到斷手,,,,,,,,
有夠慘XDDDD,,,,,,,,
00韭00,,,,,,,,
不愧是韮靈靈,富邦特選高股息30,00900,,,,,,
笑死…,,,,,,,,
這樣也可當經理人…,,,,,,,,
最大韭ETF 誰買誰就韭,,,,,,,,
富貴要人幫，選股選到ㄅㄤ（崩）,,,,,,,,
這是甚麼ETF啦XD 笑死,,,,,,,,
發行價是15元，超級大韭菜,,,,,,,,
很無言,,,,,,,,
三小??,,,,,,,,
這經理人什麼學校畢業的,,,,,,,,
大盤之後回萬八我看這擋應該也會離15很遠,,,,,,,,
有一種ARK的即視感,,,,,,,,
楊先生明年還在嗎,,,,,,,,
有沒有問題啊 一次換27個成分股 會不會太扯,,,,,,,,
這經理人恥力與抗壓性不錯,,,,,,,,
這ETF竟然還這麼多人買...,,,,,,,,
笑死 這ETF 到底在幹嘛,,,,,,,,
出事XDD,,,,,,,,
這檔的最大假設叫做除息後半季到一季內填息 才會贏,,,,,,,,
笑死，淨值下去又踢出那買幹嘛XD,,,,,,,,
存股族:好基金遇上壞事情，存起來!,,,,,,,,
散戶笑投信,,,,,,,,
一年除兩次息,,,,,,,,
我就韭,,,,,,,,
記住這個名字  之後有操作新的ETF都能吃他豆腐,,,,,,,,
一堆高股息鬧劇 還不如買中華電或者富邦特,富邦特,2881A,,,,,,
它參加除息再分配受益人 頻繁換股 長期淨值想看看,,,,,,,,
不到一年跌超過20%，讚讚讚,,,,,,,,
這經理人奇才啊......這樣搞都還坐的住位置,,,,,,,,
這種ETF熱銷  真的是台股最美麗的風景,,,,,,,,
一直換股  沒交易成本問題嗎？,,,,,,,,
我真的是會被900笑死,富邦特選高股息30,00900,,,,,,
9到不行耶,富邦特選高股息30,00900,,,,,,
00900真的不要碰啦,富邦特選高股息30,00900,,,,,,
笑死,,,,,,,,
真的9到不行，笑死,,,,,,,,
https://bit.ly/3IXRble 看看他的介紹 如同榨汁,,,,,,,,
說個笑話，ETF很穩,,,,,,,,
讓存股族給人免費割的ETF嗎,,,,,,,,
自己人也不敢買 卻發現外面這麼多人買 XD,,,,,,,,
前天已經認賠殺出，好險,,,,,,,,
可撥 交易成本直接吃掉報酬率,,,,,,,,
FJ那個影片超嗆 說買的人都是__不足的人 XD,,,,,,,,
ETF本來就一堆騙白癡的,,,,,,,,
買高高 又要低賣賣惹  可撥阿,,,,,,,,
同樣都是高股息ETF，還是老牌的0056讓人比較放心,元大高股息,0056,,,,,,
笑爆 韭菜etf,,,,,,,,
韭菜被割ETF,,,,,,,,
上面介紹真的佛心,,,,,,,,
韭零零的選股邏輯不就是韭嗎？,,,,,,,,
笑死,,,,,,,,
現買現套,,,,,,,,
富邦韭00，幫你錢歸0,富邦特選高股息30,00900,,,,,,
還好只買一張玩玩，賠3000賣出，算送他啦！,,,,,,,,
ETF還是買老牌的安全 一旦沒人氣就面臨下市清算命運,,,,,,,,
不然怎麼把防疫險凹回來,,,,,,,,
看是金控的稽核下來查，還是金管會下來查。這基金,,,,,,,,
的產品設計有問題就算了，下單手法也很有問題,,,,,,,,
哪有什麼手法 就是照著指數調整 不照買才會出大問題,,,,,,,,
有夠韭,,,,,,,,
要買指數還是乖乖6208吧 買這韭零零和自己的錢過不,富邦台50,6208,富邦特選高股息30,00900,,,,
去幹嘛= =,,,,,,,,
鈴鈴韭鈴鈴~,富邦特選高股息30,00900,,,,,,
指數編制就這樣啊 結果規模還能250多億 厲害,,,,,,,,
這時候還不一起弄他弄到下市要何時,,,,,,,,
現買現賠，等你出清一波再來撿便宜,,,,,,,,
一堆韭菜聽到配息10% 無腦下單,,,,,,,,
早說只有韭菜,,,,,,,,
超韭etf   狂,富邦特選高股息30,00900,,,,,,
這檔直覺上是空軍好朋友,富邦特選高股息30,00900,,,,,,
丸子韭菜大集合,富邦特選高股息30,00900,,,,,,
真好奇! 這指數怎麼回測會賺錢?,,,,,,,,
指數回測也不是說年年都賺，過去都是多頭，不準吧,,,,,,,,
五天…從哪天開始計算!?,,,,,,,,
回測又沒有etf沒人搞你 上了有豆腐能吃就不一樣了,,,,,,,,
富邦或成最大贏家,富邦金,2881,,,,,,
笑死,,,,,,,,
真的笑死,,,,,,,,
原來台塑四寶是這些基金賣的喔,,,,,,,,
這經理人也太廢了吧,,,,,,,,
00韭00，這種買法，你各位多買點，笑死,富邦特選高股息30,00900,,,,,,
低能,,,,,,,,
00677U被他操盤到下市 看來要出現第二支下市了,富邦VIX,00677U,,,,,,
韭00,富邦特選高股息30,00900,,,,,,
「專業基金經理人」,,,,,,,,
可以快公布配息來讓大家開懷笑一波嗎？,,,,,,,,
很好奇這樣一真換股，能配9.99趴？,,,,,,,,
*一直,,,,,,,,
00900送幸福 沒買的幸福 XDDDDD,富邦特選高股息30,00900,,,,,,
記好名字，下次見到能閃就閃。在船上的看到此討論,,,,,,,,
串後 好自為之。,,,,,,,,
還蠻想知道那些人定期定額買這支,,,,,,,,
他股這樣亂換 淨值這樣一直掉 靠新加入的人 不是老,,,,,,,,
鼠會是什麼？,,,,,,,,
原來真的有人道走廊這回事,,,,,,,,
這ETF到底在幹嘛 好傻眼,,,,,,,,
00900這種操作 跟鄉民有什麼不依樣,富邦特選高股息30,00900,,,,,,
怕韭菜自己操作太累 出個ETF真貼心,,,,,,,,
納入中鴻也是傻眼,中鴻,2014,,,,,,
經理人什麼學校畢業不重要  是會去買的人到底是什麼,,,,,,,,
學校畢業的,,,,,,,,
維持9.9%不難啊  只要股價拼命掉,,,,,,,,
靈靈韭靈靈,富邦特選高股息30,00900,,,,,,
00韭00  最愛6個0,富邦特選高股息30,00900,,,,,,
韭您您,富邦特選高股息30,00900,,,,,,
成交低，賣價高,,,,,,,,
"賣不掉加價賣""",,,,,,,,
別的不說，看興富發/華固/長虹/遠雄今年股價走勢，,興富發,2542,華固,2548,長虹,5534,遠雄,5522
對比大盤..。,,,,,,,,
所以有降價嗎 一堆打房新聞 根本笑話,,,,,,,,
薪水跟不上房價， 難道用40/50年房貸來處理?,,,,,,,,
降價賣不會賠不就好了嗎？建商在想什麼？基本數學會,,,,,,,,
嗎？,,,,,,,,
賺錢怎麼不出來說賺太多,,,,,,,,
惜售啦..買到賺到,,,,,,,,
單價高，營收就沒差。 淨利還更好。,,,,,,,,
當流動性出現風險,,,,,,,,
等待的就是點燃一個系統性危機的導火線,,,,,,,,
Yo嗨起來,,,,,,,,
https://i.imgur.com/bC4BiVy.jpg,,,,,,,,
房市快給我崩！,,,,,,,,
股票要噴了  回來啦 我在萬八等你,,,,,,,,
整天一堆新聞結果呢？再細看這預售新聞看起來有夠慘,,,,,,,,
慘慘慘慘，那這樣9月法案還要修嗎？ㄏㄏ,,,,,,,,
回去翻一下這幾個月的新聞再想一想啦,,,,,,,,
因為市面上已經沒有貨的關係...,,,,,,,,
建商惜售 可能又要有一波大漲了,,,,,,,,
抄底盧布的人爽死了,,,,,,,,
讓露西亞再次偉大,,,,,,,,
老蘇預告在前,,,,,,,,
放心！歐美民主國家那些政客都沒事，還會更富有，,,,,,,,,
受傷的完全是廣大民眾！,,,,,,,,
老蘇先知,,,,,,,,
俄羅斯再次偉大！,,,,,,,,
嘉偉老蘇3月就通通預  ！分析師就是應該這樣去對未,,,,,,,,
今年冬天之時 便是盧布高點,,,,,,,,
川普：讓美國再次偉大,,,,,,,,
拜登：窩...,,,,,,,,
老蘇大獲全勝,,,,,,,,
強大？ 老百姓缺東缺西的 可憐啊,,,,,,,,
制裁反而變更強 那不需要停止制裁了,,,,,,,,
某方面來說，對俄國的制裁反而放大了俄國的影響力,,,,,,,,
越打越有錢,,,,,,,,
越打越有錢，神奇言論XD,,,,,,,,
獨裁國家，人民怎樣無所謂,,,,,,,,
石油天然氣就是硬,,,,,,,,
怎麼上ptt看，都覺得俄羅斯跟中國已經統一世界,,,,,,,,
你不想要經濟戰  那就只能第三次世界大戰了,,,,,,,,
笑死 嘉偉老師說多久了,,,,,,,,
到時候可就不是物價上漲這麼簡單,,,,,,,,
制裁讓俄中靠得更緊沒錯，中國買俄國油氣賣俄國晶,,,,,,,,
片和電子產品,,,,,,,,
你頂多是討論  要怎麼更有效的打經濟戰,,,,,,,,
敗燈:.........,,,,,,,,
衛報，看來左膠急惹,,,,,,,,
傷不到獨裁者沒錯，但是國力也越來越虛,,,,,,,,
但是中國現在很多結構性問題陸續浮上抬面，而且因,,,,,,,,
為戰狼政策所以 5G solutions 和先進矽晶圓生產設,,,,,,,,
備被西方強力抵制,,,,,,,,
等等，不是之前才說俄國從中國進口的產品變少了,,,,,,,,
國家的命脈是糧食和能源 這根本制裁不到點上,,,,,,,,
現在就是看美國集團和俄中集團誰撐得久，中國的前,,,,,,,,
景未必有《衛報》想像的那麼好(-- 這家是英國的左,,,,,,,,
派親中媒體),,,,,,,,
以俄羅斯的情況，談經濟制裁，用匯率來看根本就是,,,,,,,,
門外漢，你今天西方各國不出口商品給俄，但是俄仍,,,,,,,,
持續出口原物料，你說他匯率是升還是降？,,,,,,,,
共產黨再度偉大,,,,,,,,
反正現在打的就是七傷拳，看誰先爆，不過如果哪一,,,,,,,,
方撐過去或是找到替代方案，那就另當別論,,,,,,,,
現在戰場就在烏克蘭 俄羅斯本土分毫無損,,,,,,,,
中國極缺油氣資源，糧食也大量依靠進口，中國若被,,,,,,,,
美國集團科技制裁，俄國完全沒辦法補上這個缺口,,,,,,,,
越打只是烏克蘭越殘破 俄羅斯本土一樣沒事,,,,,,,,
上面說的蠻合理的啊,,,,,,,,
連北韓都制裁不倒了 更不用說俄羅斯了,,,,,,,,
不想打經濟戰就只剩兩條路:1.姑息2.真槍實戰,,,,,,,,
左膠蛋頭學者，封鎖的影響必然以全球經濟衰退為代,,,,,,,,
價，但不封鎖歐洲大概就當俄國小弟的程度了,,,,,,,,
而1最終還是變成2，這幾十年前演過了,,,,,,,,
非常小心，很怕被批鬥成俄羅斯同路人,,,,,,,,
左媒 滾,,,,,,,,
不是經濟戰可能就是世界大戰,,,,,,,,
俄國就是長期被西方科技封鎖的實例 -- 軍武和航太,,,,,,,,
科技靠很多二戰後的德國火箭科學家打下基礎所以表現,,,,,,,,
還不錯，但從半導體到 ICT 到生技製藥產業，..  都幾,,,,,,,,
乎是第三世界國家水準，經濟完全靠天然資源在撐,,,,,,,,
經濟結構只剩下糧食跟能源出口的國家要如何越來越強,,,,,,,,
大，特別是戰爭也是要花錢的？,,,,,,,,
姑息主義最後也是打仗,,,,,,,,
https://i.imgur.com/6bMY7H0.jpg,,,,,,,,
30元了,,,,,,,,
而且還沒有蘇聯的那些小弟幫襯,,,,,,,,
不可能世界大戰啦 打個烏克蘭都打不下 現在西歐都能,,,,,,,,
放心了,,,,,,,,
反觀,,,,,,,,
共產黨報可以滾蛋,,,,,,,,
沒看德國現在一付老神在在的樣子XD,,,,,,,,
普丁贏了 俄國人輸了,,,,,,,,
俄國通漲30%裝沒看到？,,,,,,,,
以為不制裁，普丁就不會用能源干預歐洲嗎？,,,,,,,,
可憐哪,,,,,,,,
被政府外匯管制的貨幣 匯率就是好看而已,,,,,,,,
中國缺乏天然資源糧食也無法自給自足，賺外匯都得靠,,,,,,,,
勞力技術密集產業，中國尤其缺乏高端工具機、精密,,,,,,,,
生產設備(e.g.， DUV， EUV)和工業級設計軟體(這個全,,,,,,,,
世界只有美國擁有)，這些俄國都比中國還弱還爛，整,,,,,,,,
個俄中伊朗北韓集團完全沒辦法提供支援！,,,,,,,,
普丁強大跟俄羅斯衰落一起發生阿 爽只爽一人,,,,,,,,
金正恩很爽啊 但有人會說北韓很強大？,,,,,,,,
沒錯，普丁個人強大和俄羅斯長期走向衰弱是會一起發,,,,,,,,
生的,,,,,,,,
獨裁者強大 人民通常不會過得很好啦 反正俄羅斯人的,,,,,,,,
命不值錢？,,,,,,,,
GDP-10%的說大獲全勝 XD 好啦 俄最贏,,,,,,,,
布丁：russian great again,,,,,,,,
現在最痛苦的就是烏克蘭人 家園變戰場殘破不堪 還不,,,,,,,,
知道要拖多久,,,,,,,,
俄國人民最可憐,,,,,,,,
更正烏克蘭,,,,,,,,
可是看軍武版分析不是這樣耶xddd,,,,,,,,
所以你建議怎麼做？投降跪求和解嗎？要不要英國也割,,,,,,,,
人民都是輸家,,,,,,,,
一半土地給普丁好了？,,,,,,,,
美國真的世界亂源  一點實力都沒有  搞不好連拳頭,,,,,,,,
都是假的,,,,,,,,
還好啦 烏克蘭人民起碼背後還有歐美國家可以靠 俄羅,,,,,,,,
斯人 背後只有一個死老頭,,,,,,,,
烏克蘭還可以到歐美尋求庇護 俄羅斯人？大概都不想,,,,,,,,
承認自己來自俄羅斯,,,,,,,,
歐洲現在強森也被趕下台了 其他領袖該警惕 好好處理,,,,,,,,
股市都反應降息了怎麼跌,,,,,,,,
房價快崩，投資客建商跳樓,,,,,,,,
竹北預售屋開價80萬喔 呵呵,,,,,,,,
物件變稀少 噴爛,,,,,,,,
房價崩盤，股台股大漲,,,,,,,,
一定是太便宜啦 單價高一點才有人要買,,,,,,,,
成交量變少=處置股 大戶更能拉抬價格,,,,,,,,
房市啥時崩盤 等好久喔,,,,,,,,
1坪沒100萬我還不想買呢~哼,,,,,,,,
放心 立法院大老說了，預售屋法規不會過，繼續炒,,,,,,,,
量縮 =隨便拉=加價賣,,,,,,,,
反正不會跌價,,,,,,,,
炒房仔：不會崩啦 股版只會眼紅,,,,,,,,
有夠噁心,,,,,,,,
崩盤啦崩崩,,,,,,,,
崩啦！！！,,,,,,,,
爽啦 下去啦,,,,,,,,
等十年了，到底要崩了沒,,,,,,,,
重劃區一堆還正在蓋 炒好炒滿,,,,,,,,
有現任政府撐  不會崩啦,,,,,,,,
可是仲仲都說市況還是很熱欸,,,,,,,,
這跟打房有什麼關係？就賣方底氣足跟你耗啊。,,,,,,,,
而且也不要說什麼政府炒房，從年初到現在多少間透天,,,,,,,,
舊公寓燒掉了，你是政府會不會在政策上鼓勵都更。,,,,,,,,
打房政策快出來,,,,,,,,
沒差吧 我看房仲朋友FB貼文房子每次一個月就賣掉了,,,,,,,,
慢慢賣原物料會更便宜 建商沒差,,,,,,,,
確定成交量探底原因不是房價漲太兇了嗎？,,,,,,,,
建商: 升息降息通縮通膨成交量多或少 房價都會漲,,,,,,,,
不會崩啦 有政府安心炒,,,,,,,,
年輕人我買不起啦（茶,,,,,,,,
一定是價格還不夠貴 繼續加價賣,,,,,,,,
建商惜售 台灣房地慘又要井噴,,,,,,,,
也不用打房了啦，央行幫你壓利率又幫你壓匯率，就,,,,,,,,
是叫你出國買房買債，誰還留在台灣買房,,,,,,,,
非常明顯惜售,,,,,,,,
建商惜售 只會更貴 房價看漲不看跌,,,,,,,,
是之前太熱,,,,,,,,
救救三發地產,,,,,,,,
量穩價增，穩了,,,,,,,,
無感,,,,,,,,
不爽就革命阿，不敢革命又不買房,,,,,,,,
傻空別撐了，快進場接盤,,,,,,,,
手上的營建股表示,,,,,,,,
還沒跌阿,,,,,,,,
股市崩盤有國安相救；房市崩盤誰來救？XD,,,,,,,,
爽喔,,,,,,,,
房價又沒跌 講的好像有在打房一樣,,,,,,,,
加價賣 噴報,,,,,,,,
沒差 房價還是繼續漲 加價賣,,,,,,,,
https://i.imgur.com/ICkYvsD.jpg,,,,,,,,
選舉到 開始大內宣打房成功,,,,,,,,
這銷售量是真的差蠻多的,,,,,,,,
崩個鳥,,,,,,,,
其他地方不知道 新北這邊今年來都是緩漲哦,,,,,,,,
語畢 哄堂大笑,,,,,,,,
股市這波是套多少人 QQ,,,,,,,,
完了,,,,,,,,
量縮價漲,,,,,,,,
https://i.imgur.com/u73mT8q.jpg,,,,,,,,
爸比Q,,,,,,,,
滿手營建股，慘了…,,,,,,,,
崩個屁 價格沒降是要崩去哪,,,,,,,,
可悲建商：台灣島沉入海底 房價還是只會漲啦,,,,,,,,
房市崩盤????????????????????????????樓上???,,,,,,,,
忘記加價賣了,,,,,,,,
獵地>預售>貸款資金>免費蓋房>獵地 炒房真輕鬆,,,,,,,,
看了一下房價指數 穩到不行啊 營建股穩,,,,,,,,
稍微走緩而已,,,,,,,,
新竹實價登入還是創高啊 哪來的跌==,,,,,,,,
賣不掉加價賣還要我教？,,,,,,,,
預售屋不代表所有新成屋啊...,,,,,,,,
新竹還是漲爛,,,,,,,,
只有漲，沒有跌，火車頭開起來,,,,,,,,
賣家惜售,,,,,,,,
價漲量縮，價量背離,,,,,,,,
問就是井噴,,,,,,,,
都套住了 要怎麼買 房子沒流動性就是鋼筋水泥 誰要,,,,,,,,
哪有差 持有成本這麼低 建商跟政府關係好 繼續狂蓋,,,,,,,,
房板：利空出盡 穩了☺,,,,,,,,
臺灣持有成本低 擺著就好,,,,,,,,
最近預售屋建案出一堆事 https://bit.ly/3ISF8G7,,,,,,,,
一堆空中飛人 ==,,,,,,,,
手上有營建股都覺得有點良心不安 ==,,,,,,,,
房地產看認列不是看未來，第三季幾間不錯的公司都,,,,,,,,
有很不錯的獲利,,,,,,,,
笑死 賣不出去就加價賣阿 在台灣賺錢就是這麼簡單,,,,,,,,
建商惜售停賣預售屋當然成交量急凍,,,,,,,,
竹北不是已經開到8X,,,,,,,,
成交量探底->房價井噴,,,,,,,,
每天都在騙,,,,,,,,
https://i.imgur.com/gLacRUz.jpg,,,,,,,,
繼續噴,,,,,,,,
加價賣啊,,,,,,,,
趕快崩,,,,,,,,
有政府，炒房好安心,,,,,,,,
升息升上去交易量就出來了,,,,,,,,
借錢炒房潮爽，買低賣高莫名奇妙賺百萬,,,,,,,,
配合政府政策x（演戲o），傻空就高潮了,,,,,,,,
高檔量縮，投資客升息套高高，反轉訊號,,,,,,,,
實登一堆假登錄，腦袋...才會信XDD,,,,,,,,
打八折就一堆人買了啊 不會喔,,,,,,,,
賣不掉，加價賣，有朝廷，會炒房，房市是經濟火車頭,,,,,,,,
，不要質疑朝廷的決心，最好的買點就是現在，房價只,,,,,,,,
會漲不會跌，有房子不需要孩子，懂？,,,,,,,,